"customer","avg_amount_per_order"
"Alice","266.05249999999995"
"Bob","307.0563333333333"
"Diana","226.00368421052636"
"Charlie","289.68500000000006"
"Eve","279.2295"
