"customer","TotalAmount"
"Alice","5321.049999999999"
"Bob","9211.69"
"Diana","4294.070000000001"
"Eve","5584.589999999999"
"Charlie","5793.700000000001"
